<?xml version="1.0" encoding="UTF-8"?>
<project-private xmlns="http://www.netbeans.org/ns/project-private/1">
    <editor-bookmarks xmlns="http://www.netbeans.org/ns/editor-bookmarks/2" lastBookmarkId="0"/>
    <open-files xmlns="http://www.netbeans.org/ns/projectui-open-files/2">
        <group>
            <file>file:/D:/Demo/WebApplication1/web/cnt.html</file>
            <file>file:/D:/Demo/WebApplication1/web/reset2.html</file>
            <file>file:/D:/Demo/WebApplication1/web/termsofuse.html</file>
            <file>file:/D:/Demo/WebApplication1/src/java/reset1.java</file>
            <file>file:/D:/Demo/WebApplication1/web/profile1.jsp</file>
            <file>file:/D:/Demo/WebApplication1/src/java/SignupServlet.java</file>
            <file>file:/D:/Demo/WebApplication1/web/forgot1.html</file>
            <file>file:/D:/Demo/WebApplication1/web/posting.html</file>
            <file>file:/D:/Demo/WebApplication1/web/terms.html</file>
            <file>file:/D:/Demo/WebApplication1/web/logout1.html</file>
            <file>file:/D:/Demo/WebApplication1/web/reset.html</file>
            <file>file:/D:/Demo/WebApplication1/web/jobs.html</file>
            <file>file:/D:/Demo/WebApplication1/web/saved.html</file>
            <file>file:/D:/Demo/WebApplication1/web/contact.html</file>
            <file>file:/D:/Demo/WebApplication1/web/fachome.html</file>
            <file>file:/D:/Demo/WebApplication1/web/posted.html</file>
            <file>file:/D:/Demo/WebApplication1/web/forgot.html</file>
            <file>file:/D:/Demo/WebApplication1/src/java/LoginServlet.java</file>
            <file>file:/D:/Demo/WebApplication1/web/WEB-INF/web.xml</file>
            <file>file:/D:/Demo/WebApplication1/web/company_login.html</file>
            <file>file:/D:/Demo/WebApplication1/src/java/emsignup.java</file>
            <file>file:/D:/Demo/WebApplication1/web/profile.html</file>
            <file>file:/D:/Demo/WebApplication1/web/index.html</file>
            <file>file:/D:/Demo/WebApplication1/web/signup.html</file>
            <file>file:/D:/Demo/WebApplication1/web/elogin.html</file>
            <file>file:/D:/Demo/WebApplication1/src/java/ResetPasswordServlet.java</file>
            <file>file:/D:/Demo/WebApplication1/web/profile.jsp</file>
            <file>file:/D:/Demo/WebApplication1/web/deletejob.html</file>
            <file>file:/D:/Demo/WebApplication1/nbproject/build-impl.xml</file>
            <file>file:/D:/Demo/WebApplication1/web/login.html</file>
            <file>file:/D:/Demo/WebApplication1/web/company_signup1.html</file>
            <file>file:/D:/Demo/WebApplication1/src/java/elogin.java</file>
            <file>file:/D:/Demo/WebApplication1/web/login2.html</file>
        </group>
    </open-files>
</project-private>
